id,prob_l,prob_e,prob_v
1,0.48,0.27,0.25
2,0.39,0.29,0.32
3,0.36,0.30,0.34
4,0.44,0.28,0.28
5,0.41,0.30,0.29
6,0.46,0.29,0.25
7,0.34,0.31,0.35
8,0.50,0.25,0.25
9,0.43,0.27,0.30
10,0.52,0.24,0.24
11,0.57,0.23,0.20
12,0.38,0.30,0.32
13,0.35,0.29,0.36
14,0.33,0.32,0.35

